<?xml version="1.0" encoding="UTF-8" ?>
<!DOCTYPE configuration
        PUBLIC "-//mybatis.org//DTD Config 3.0//EN"
        "http://mybatis.org/dtd/mybatis-3-config.dtd">
<configuration>
    <environments default="development">
        <environment id="development">
            <transactionManager type="JDBC"/>
            <dataSource type="POOLED">
                <property name="driver" value="com.mysql.cj.jdbc.Driver"/>

            </dataSource>
        </environment>
    </environments>
    <mappers>
        <!--加载SQL映射文件-->
        <mapper resource="mapper/UserMapper.xml"/>
    </mappers>
</configuration>