<?xml version="1.0" encoding="UTF-8" ?>
<!DOCTYPE mapper
        PUBLIC "-//mybatis.org//DTD Mapper 3.0//EN"
        "http://mybatis.org/dtd/mybatis-3-mapper.dtd">
<!--<mapper namespace="test">-->
<!--    <select id="selectAll" resultType="mybatis_demo.pojo.User">-->
<!--        select * from tb_user;-->
<!--    </select>-->
<!--</mapper>-->
<mapper namespace="mapper.UserMapper">
    <select id="selectByName" resultType="pojo.User" parameterType="String">
        SELECT * FROM user WHERE name = #{name};
    </select>


    <insert id="insertUser">
        INSERT INTO user(name,password) VALUES (#{name},#{password});
    </insert>
</mapper>